{"train_group_3_acc":1,"train_group_0_loss":2.293117631779751e-06,"epoch":20000,"train_group_1_loss":6.968769525883545e-07,"test_group_1_acc":0.46138614416122437,"test_worst_acc":0.46138614416122437,"train_worst_loss":2.293117631779751e-06,"train_group_0_acc":1,"train_avg_loss":1.1262261523370398e-06,"train_worst_acc":1,"test_worst_loss":1.426250696182251,"gradients/layers.0.weight":{"values":[3,2,2,8,9,10,16,26,53,61,137,202,391,696,1241,2233,4307,9205,23180,81986,1.090712e+06,8.254085e+06,115453,28577,10545,4990,2535,1345,690,407,209,128,58,43,33,42,33,39,32,23,13,3,6,7,6,6,1,1,0,1,0,0,0,0,0,0,0,0,0,0,0,0,0,1],"bins":[-1.360001622430218e-08,-1.2955585049212459e-08,-1.2311154762301157e-08,-1.1666723587211436e-08,-1.1022292412121715e-08,-1.0377862125210413e-08,-9.733430950120692e-09,-9.08900066320939e-09,-8.444569488119669e-09,-7.800138313029947e-09,-7.155708026118646e-09,-6.511276851028924e-09,-5.866846120028413e-09,-5.222415389027901e-09,-4.57798421393818e-09,-3.933553482937668e-09,-3.289122751937157e-09,-2.6446920209366453e-09,-2.000261067891529e-09,-1.355830225868715e-09,-7.11399383845901e-10,-6.696854182308698e-11,5.77462300199727e-10,1.221893142222541e-09,1.866323984245355e-09,2.5107547152458665e-09,3.155185668290983e-09,3.799616621336099e-09,4.444047352336611e-09,5.088478083337122e-09,5.732909258426844e-09,6.377339989427355e-09,7.0217716086062865e-09,7.666202783696008e-09,8.31063307060731e-09,8.955064245697031e-09,9.599494532608333e-09,1.0243925707698054e-08,1.0888356882787775e-08,1.1532787169699077e-08,1.2177218344788798e-08,1.282164951987852e-08,1.3466079806789821e-08,1.4110510981879543e-08,1.4754942156969264e-08,1.5399372443880566e-08,1.6043802730791867e-08,1.668823479406001e-08,1.733266508097131e-08,1.7977095367882612e-08,1.8621527431150753e-08,1.9265957718062054e-08,1.9910388004973356e-08,2.0554820068241497e-08,2.11992503551528e-08,2.18436806420641e-08,2.248811270533224e-08,2.3132542992243543e-08,2.3776973279154845e-08,2.4421403566066147e-08,2.5065835629334288e-08,2.571026591624559e-08,2.635469620315689e-08,2.6999128266425032e-08,2.7643558553336334e-08],"_type":"histogram"},"train_group_2_acc":1,"_timestamp":1.7574975811435468e+09,"test_group_0_loss":0.10958725959062576,"test_group_3_loss":0.10061768442392349,"_wandb":{"runtime":610},"gradients/classifier.weight":{"values":[2,1,1,2,2,2,4,5,3,3,5,13,13,18,30,21,31,45,46,54,57,63,83,92,83,109,128,165,160,192,198,226,266,189,237,197,176,162,145,141,119,113,88,76,71,49,51,33,31,18,17,13,16,7,4,6,6,1,1,2,0,1,1,2],"bins":[-4.5150773075874895e-05,-4.37593917013146e-05,-4.23680103267543e-05,-4.0976628952194005e-05,-3.958524757763371e-05,-3.819386620307341e-05,-3.6802484828513116e-05,-3.541110345395282e-05,-3.401972207939252e-05,-3.2628340704832226e-05,-3.123695933027193e-05,-2.9845577955711633e-05,-2.8454196581151336e-05,-2.706281520659104e-05,-2.5671433832030743e-05,-2.4280052457470447e-05,-2.288867108291015e-05,-2.1497289708349854e-05,-2.0105908333789557e-05,-1.871452695922926e-05,-1.7323145584668964e-05,-1.5931764210108668e-05,-1.4540382835548371e-05,-1.3149001460988075e-05,-1.1757620086427778e-05,-1.0366238711867481e-05,-8.974857337307185e-06,-7.583475962746888e-06,-6.192094588186592e-06,-4.800713213626295e-06,-3.409331839065999e-06,-2.0179504645057023e-06,-6.265654519665986e-07,7.648159225936979e-07,2.1561972971539944e-06,3.547578671714291e-06,4.9389600462745875e-06,6.330341420834884e-06,7.72172279539518e-06,9.113104169955477e-06,1.0504485544515774e-05,1.189586691907607e-05,1.3287248293636367e-05,1.4678629668196663e-05,1.607001104275696e-05,1.7461392417317256e-05,1.8852773791877553e-05,2.024415516643785e-05,2.1635536540998146e-05,2.3026917915558442e-05,2.441829929011874e-05,2.5809680664679036e-05,2.7201062039239332e-05,2.859244341379963e-05,2.9983824788359925e-05,3.137520616292022e-05,3.276658753748052e-05,3.4157968912040815e-05,3.554935028660111e-05,3.694073166116141e-05,3.8332113035721704e-05,3.9723494410282e-05,4.11148757848423e-05,4.2506257159402594e-05,4.389763853396289e-05],"_type":"histogram"},"test_group_2_acc":0.48547717928886414,"_step":19999,"test_avg_acc":0.7329999804496765,"train_avg_acc":1,"test_group_3_acc":0.9892703890800476,"test_group_0_acc":0.9835466146469116,"train_group_1_acc":1,"test_avg_loss":0.7271267175674438,"parameters/classifier.weight":{"_type":"histogram","values":[1,0,2,2,2,1,1,1,5,1,7,7,13,16,18,24,44,38,35,51,62,66,99,109,125,119,131,163,165,191,183,197,201,173,175,149,189,177,146,149,126,135,113,82,80,62,60,43,36,28,25,21,15,8,6,4,5,1,5,1,0,0,0,2],"bins":[-0.0062599219381809235,-0.006072642281651497,-0.00588536262512207,-0.005698082968592644,-0.005510803312063217,-0.005323523655533791,-0.005136243999004364,-0.0049489643424749374,-0.004761684685945511,-0.004574405495077372,-0.004387125838547945,-0.0041998461820185184,-0.004012566525489092,-0.0038252868689596653,-0.0036380072124302387,-0.003450727555900812,-0.0032634478993713856,-0.003076168242841959,-0.0028888885863125324,-0.002701608929783106,-0.0025143292732536793,-0.0023270498495548964,-0.0021397701930254698,-0.0019524905364960432,-0.0017652108799666166,-0.00157793122343719,-0.0013906515669077635,-0.0012033720267936587,-0.0010160923702642322,-0.0008288127137348056,-0.0006415331154130399,-0.0004542534879874438,-0.0002669733949005604,-7.969376747496426e-05,0.00010758585995063186,0.000294865487376228,0.0004821451148018241,0.0006694247713312507,0.0008567043696530163,0.001043983967974782,0.0012312636245042086,0.0014185432810336351,0.0016058229375630617,0.0017931024776771665,0.001980382017791271,0.002167661674320698,0.0023549413308501244,0.002542220987379551,0.0027295006439089775,0.002916780300438404,0.0031040599569678307,0.0032913396134972572,0.003478619270026684,0.0036658986937254667,0.0038531783502548933,0.0040404582396149635,0.00422773789614439,0.004415017087012529,0.004602296743541956,0.0047895764000713825,0.004976856056600809,0.005164135713130236,0.005351415369659662,0.005538695026189089,0.005725974682718515]},"test_group_1_loss":1.426250696182251,"test_group_2_loss":1.3011716604232788,"train_group_2_loss":3.1897783969725424e-07,"parameters/layers.0.weight":{"values":[2,1,4,10,13,31,66,131,258,506,890,1569,2776,4563,7678,12196,18767,28912,42771,62041,86712,117878,156707,203333,256812,314210,376241,438259,494979,547725,587540,615327,626361,622084,599748,564910,517633,460603,401727,337678,279811,224347,174441,132475,98072,71100,49551,34114,22704,14759,9142,5761,3394,1986,1127,680,331,153,89,58,28,11,3,3],"bins":[-7.588600158691406,-7.35653829574585,-7.124475955963135,-6.892414093017578,-6.660351753234863,-6.428289890289307,-6.19622802734375,-5.964165687561035,-5.7321038246154785,-5.500041484832764,-5.267979621887207,-5.03591775894165,-4.8038554191589355,-4.571793556213379,-4.339731216430664,-4.107669353485107,-3.8756072521209717,-3.643545150756836,-3.4114830493927,-3.1794211864471436,-2.947359085083008,-2.715296983718872,-2.4832348823547363,-2.2511727809906006,-2.019110679626465,-1.7870486974716187,-1.5549867153167725,-1.3229246139526367,-1.090862512588501,-0.8588005304336548,-0.626738429069519,-0.3946763873100281,-0.1626143455505371,0.06944771111011505,0.3015097677707672,0.5335718393325806,0.7656338810920715,0.9976959228515625,1.2297580242156982,1.4618200063705444,1.6938821077346802,1.925944209098816,2.158006191253662,2.390068292617798,2.6221303939819336,2.8541924953460693,3.086254358291626,3.3183164596557617,3.5503785610198975,3.782440662384033,4.01450252532959,4.246564865112305,4.478626728057861,4.710689067840576,4.942750930786133,5.1748127937316895,5.406875133514404,5.638936996459961,5.870999336242676,6.103061199188232,6.335123062133789,6.567185401916504,6.7992472648620605,7.031309604644775,7.263371467590332],"_type":"histogram"},"train_group_3_loss":5.105338729549658e-08,"_runtime":610}